{
    "Disabled": [
        true,
        "bool"
    ],
    "ShowRecommendationToConfigure": [
        false,
        "bool"
    ],
    "AllowSecurityKeys": [
        false,
        "bool"
    ],
    "FacetIds": [
        [
            "android:apk-key-hash:fbENTvCSeR-AwJV5rrrBsb98p-jEw0c5SSOMul_KwaI",
            "android:apk-key-hash:ruyLw8eJtT5fZ1ZusXSCHTp0yMZIlr6CVx5kq76ApiQ",
            "android:apk-key-hash:aEdaWviMajF83fPsXVc1yaZVUy1OiKakbZqP62f5D48"
        ],
        "array"
    ],
    "AllowAuthenticatorApp": [
        true,
        "bool"
    ],
    "ClockTolerance": [
        2,
        "int"
    ],
    "AllowBackupCodes": [
        false,
        "bool"
    ],
    "AllowUsedDevices": [
        false,
        "bool"
    ],
    "TrustDevicesForDays": [
        0,
        "int"
    ],
    "IncludeInMobile": [
        true,
        "bool"
    ],
    "IncludeInDesktop": [
        true,
        "bool"
    ],
    "RequireInMobile": [
        [
            "StandardLoginFormWebclient"
        ],
        "array"
    ]
}